audit_load1,passpass
audit_load2,passpass
audit_load3,passpass
audit_load4,passpass
audit_load5,passpass
audit_load6,passpass
audit_load7,passpass
audit_load8,passpass
audit_load9,passpass
audit_load10,passpass
audit_load1,passpass
audit_load2,passpass
audit_load3,passpass
audit_load4,passpass
audit_load5,passpass
audit_load6,passpass
audit_load7,passpass
audit_load8,passpass
audit_load9,passpass
audit_load10,passpass
audit_load1,passpass
audit_load2,passpass
audit_load3,passpass
audit_load4,passpass
audit_load5,passpass
audit_load6,passpass
audit_load7,passpass
audit_load8,passpass
audit_load9,passpass
audit_load10,passpass
audit_load1,passpass
audit_load2,passpass
audit_load3,passpass
audit_load4,passpass
audit_load5,passpass
audit_load6,passpass
audit_load7,passpass
audit_load8,passpass
audit_load9,passpass
audit_load10,passpass
audit_load1,passpass
audit_load2,passpass
audit_load3,passpass
audit_load4,passpass
audit_load5,passpass
audit_load6,passpass
audit_load7,passpass
audit_load8,passpass
audit_load9,passpass
audit_load10,passpass
audit_load1,passpass
audit_load2,passpass
audit_load3,passpass
audit_load4,passpass
audit_load5,passpass
audit_load6,passpass
audit_load7,passpass
audit_load8,passpass
audit_load9,passpass
audit_load10,passpass
audit_load1,passpass
audit_load2,passpass
audit_load3,passpass
audit_load4,passpass
audit_load5,passpass
audit_load6,passpass
audit_load7,passpass
audit_load8,passpass
audit_load9,passpass
audit_load10,passpass
audit_load1,passpass
audit_load2,passpass
audit_load3,passpass
audit_load4,passpass
audit_load5,passpass
audit_load6,passpass
audit_load7,passpass
audit_load8,passpass
audit_load9,passpass
audit_load10,passpass
audit_load1,passpass
audit_load2,passpass
audit_load3,passpass
audit_load4,passpass
audit_load5,passpass
audit_load6,passpass
audit_load7,passpass
audit_load8,passpass
audit_load9,passpass
audit_load10,passpass
audit_load1,passpass
audit_load2,passpass
audit_load3,passpass
audit_load4,passpass
audit_load5,passpass
audit_load6,passpass
audit_load7,passpass
audit_load8,passpass
audit_load9,passpass
audit_load10,passpass
audit_load1,passpass
audit_load2,passpass
audit_load3,passpass
audit_load4,passpass
audit_load5,passpass
audit_load6,passpass
audit_load7,passpass
audit_load8,passpass
audit_load9,passpass
audit_load10,passpass
audit_load1,passpass
audit_load2,passpass
audit_load3,passpass
audit_load4,passpass
audit_load5,passpass
audit_load6,passpass
audit_load7,passpass
audit_load8,passpass
audit_load9,passpass
audit_load10,passpass
audit_load1,passpass
audit_load2,passpass
audit_load3,passpass
audit_load4,passpass
audit_load5,passpass
audit_load6,passpass
audit_load7,passpass
audit_load8,passpass
audit_load9,passpass
audit_load10,passpass
audit_load1,passpass
audit_load2,passpass
audit_load3,passpass
audit_load4,passpass
audit_load5,passpass
audit_load6,passpass
audit_load7,passpass
audit_load8,passpass
audit_load9,passpass
audit_load10,passpass
audit_load1,passpass
audit_load2,passpass
audit_load3,passpass
audit_load4,passpass
audit_load5,passpass
audit_load6,passpass
audit_load7,passpass
audit_load8,passpass
audit_load9,passpass
audit_load10,passpass
audit_load1,passpass
audit_load2,passpass
audit_load3,passpass
audit_load4,passpass
audit_load5,passpass
audit_load6,passpass
audit_load7,passpass
audit_load8,passpass
audit_load9,passpass
audit_load10,passpass
audit_load1,passpass
audit_load2,passpass
audit_load3,passpass
audit_load4,passpass
audit_load5,passpass
audit_load6,passpass
audit_load7,passpass
audit_load8,passpass
audit_load9,passpass
audit_load10,passpass
audit_load1,passpass
audit_load2,passpass
audit_load3,passpass
audit_load4,passpass
audit_load5,passpass
audit_load6,passpass
audit_load7,passpass
audit_load8,passpass
audit_load9,passpass
audit_load10,passpass
audit_load1,passpass
audit_load2,passpass
audit_load3,passpass
audit_load4,passpass
audit_load5,passpass
audit_load6,passpass
audit_load7,passpass
audit_load8,passpass
audit_load9,passpass
audit_load10,passpass
audit_load1,passpass
audit_load2,passpass
audit_load3,passpass
audit_load4,passpass
audit_load5,passpass
audit_load6,passpass
audit_load7,passpass
audit_load8,passpass
audit_load9,passpass
audit_load10,passpass
audit_load1,passpass
audit_load2,passpass
audit_load3,passpass
audit_load4,passpass
audit_load5,passpass
audit_load6,passpass
audit_load7,passpass
audit_load8,passpass
audit_load9,passpass
audit_load10,passpass
audit_load1,passpass
audit_load2,passpass
audit_load3,passpass
audit_load4,passpass
audit_load5,passpass
audit_load6,passpass
audit_load7,passpass
audit_load8,passpass
audit_load9,passpass
audit_load10,passpass
audit_load1,passpass
audit_load2,passpass
audit_load3,passpass
audit_load4,passpass
audit_load5,passpass
audit_load6,passpass
audit_load7,passpass
audit_load8,passpass
audit_load9,passpass
audit_load10,passpass
audit_load1,passpass
audit_load2,passpass
audit_load3,passpass
audit_load4,passpass
audit_load5,passpass
audit_load6,passpass
audit_load7,passpass
audit_load8,passpass
audit_load9,passpass
audit_load10,passpass
audit_load1,passpass
audit_load2,passpass
audit_load3,passpass
audit_load4,passpass
audit_load5,passpass
audit_load6,passpass
audit_load7,passpass
audit_load8,passpass
audit_load9,passpass
audit_load10,passpass
audit_load1,passpass
audit_load2,passpass
audit_load3,passpass
audit_load4,passpass
audit_load5,passpass
audit_load6,passpass
audit_load7,passpass
audit_load8,passpass
audit_load9,passpass
audit_load10,passpass
audit_load1,passpass
audit_load2,passpass
audit_load3,passpass
audit_load4,passpass
audit_load5,passpass
audit_load6,passpass
audit_load7,passpass
audit_load8,passpass
audit_load9,passpass
audit_load10,passpass
audit_load1,passpass
audit_load2,passpass
audit_load3,passpass
audit_load4,passpass
audit_load5,passpass
audit_load6,passpass
audit_load7,passpass
audit_load8,passpass
audit_load9,passpass
audit_load10,passpass
audit_load1,passpass
audit_load2,passpass
audit_load3,passpass
audit_load4,passpass
audit_load5,passpass
audit_load6,passpass
audit_load7,passpass
audit_load8,passpass
audit_load9,passpass
audit_load10,passpass
audit_load1,passpass
audit_load2,passpass
audit_load3,passpass
audit_load4,passpass
audit_load5,passpass
audit_load6,passpass
audit_load7,passpass
audit_load8,passpass
audit_load9,passpass
audit_load10,passpass
audit_load1,passpass
audit_load2,passpass
audit_load3,passpass
audit_load4,passpass
audit_load5,passpass
audit_load6,passpass
audit_load7,passpass
audit_load8,passpass
audit_load9,passpass
audit_load10,passpass
audit_load1,passpass
audit_load2,passpass
audit_load3,passpass
audit_load4,passpass
audit_load5,passpass
audit_load6,passpass
audit_load7,passpass
audit_load8,passpass
audit_load9,passpass
audit_load10,passpass
audit_load1,passpass
audit_load2,passpass
audit_load3,passpass
audit_load4,passpass
audit_load5,passpass
audit_load6,passpass
audit_load7,passpass
audit_load8,passpass
audit_load9,passpass
audit_load10,passpass
audit_load1,passpass
audit_load2,passpass
audit_load3,passpass
audit_load4,passpass
audit_load5,passpass
audit_load6,passpass
audit_load7,passpass
audit_load8,passpass
audit_load9,passpass
audit_load10,passpass
audit_load1,passpass
audit_load2,passpass
audit_load3,passpass
audit_load4,passpass
audit_load5,passpass
audit_load6,passpass
audit_load7,passpass
audit_load8,passpass
audit_load9,passpass
audit_load10,passpass
audit_load1,passpass
audit_load2,passpass
audit_load3,passpass
audit_load4,passpass
audit_load5,passpass
audit_load6,passpass
audit_load7,passpass
audit_load8,passpass
audit_load9,passpass
audit_load10,passpass
audit_load1,passpass
audit_load2,passpass
audit_load3,passpass
audit_load4,passpass
audit_load5,passpass
audit_load6,passpass
audit_load7,passpass
audit_load8,passpass
audit_load9,passpass
audit_load10,passpass
audit_load1,passpass
audit_load2,passpass
audit_load3,passpass
audit_load4,passpass
audit_load5,passpass
audit_load6,passpass
audit_load7,passpass
audit_load8,passpass
audit_load9,passpass
audit_load10,passpass
audit_load1,passpass
audit_load2,passpass
audit_load3,passpass
audit_load4,passpass
audit_load5,passpass
audit_load6,passpass
audit_load7,passpass
audit_load8,passpass
audit_load9,passpass
audit_load10,passpass
audit_load1,passpass
audit_load2,passpass
audit_load3,passpass
audit_load4,passpass
audit_load5,passpass
audit_load6,passpass
audit_load7,passpass
audit_load8,passpass
audit_load9,passpass
audit_load10,passpass
audit_load1,passpass
audit_load2,passpass
audit_load3,passpass
audit_load4,passpass
audit_load5,passpass
audit_load6,passpass
audit_load7,passpass
audit_load8,passpass
audit_load9,passpass
audit_load10,passpass
audit_load1,passpass
audit_load2,passpass
audit_load3,passpass
audit_load4,passpass
audit_load5,passpass
audit_load6,passpass
audit_load7,passpass
audit_load8,passpass
audit_load9,passpass
audit_load10,passpass
audit_load1,passpass
audit_load2,passpass
audit_load3,passpass
audit_load4,passpass
audit_load5,passpass
audit_load6,passpass
audit_load7,passpass
audit_load8,passpass
audit_load9,passpass
audit_load10,passpass
audit_load1,passpass
audit_load2,passpass
audit_load3,passpass
audit_load4,passpass
audit_load5,passpass
audit_load6,passpass
audit_load7,passpass
audit_load8,passpass
audit_load9,passpass
audit_load10,passpass
audit_load1,passpass
audit_load2,passpass
audit_load3,passpass
audit_load4,passpass
audit_load5,passpass
audit_load6,passpass
audit_load7,passpass
audit_load8,passpass
audit_load9,passpass
audit_load10,passpass
audit_load1,passpass
audit_load2,passpass
audit_load3,passpass
audit_load4,passpass
audit_load5,passpass
audit_load6,passpass
audit_load7,passpass
audit_load8,passpass
audit_load9,passpass
audit_load10,passpass
audit_load1,passpass
audit_load2,passpass
audit_load3,passpass
audit_load4,passpass
audit_load5,passpass
audit_load6,passpass
audit_load7,passpass
audit_load8,passpass
audit_load9,passpass
audit_load10,passpass
audit_load1,passpass
audit_load2,passpass
audit_load3,passpass
audit_load4,passpass
audit_load5,passpass
audit_load6,passpass
audit_load7,passpass
audit_load8,passpass
audit_load9,passpass
audit_load10,passpass
audit_load1,passpass
audit_load2,passpass
audit_load3,passpass
audit_load4,passpass
audit_load5,passpass
audit_load6,passpass
audit_load7,passpass
audit_load8,passpass
audit_load9,passpass
audit_load10,passpass
audit_load1,passpass
audit_load2,passpass
audit_load3,passpass
audit_load4,passpass
audit_load5,passpass
audit_load6,passpass
audit_load7,passpass
audit_load8,passpass
audit_load9,passpass
audit_load10,passpass
audit_load1,passpass
audit_load2,passpass
audit_load3,passpass
audit_load4,passpass
audit_load5,passpass
audit_load6,passpass
audit_load7,passpass
audit_load8,passpass
audit_load9,passpass
audit_load10,passpass
audit_load1,passpass
audit_load2,passpass
audit_load3,passpass
audit_load4,passpass
audit_load5,passpass
audit_load6,passpass
audit_load7,passpass
audit_load8,passpass
audit_load9,passpass
audit_load10,passpass
audit_load1,passpass
audit_load2,passpass
audit_load3,passpass
audit_load4,passpass
audit_load5,passpass
audit_load6,passpass
audit_load7,passpass
audit_load8,passpass
audit_load9,passpass
audit_load10,passpass
audit_load1,passpass
audit_load2,passpass
audit_load3,passpass
audit_load4,passpass
audit_load5,passpass
audit_load6,passpass
audit_load7,passpass
audit_load8,passpass
audit_load9,passpass
audit_load10,passpass
audit_load1,passpass
audit_load2,passpass
audit_load3,passpass
audit_load4,passpass
audit_load5,passpass
audit_load6,passpass
audit_load7,passpass
audit_load8,passpass
audit_load9,passpass
audit_load10,passpass
audit_load1,passpass
audit_load2,passpass
audit_load3,passpass
audit_load4,passpass
audit_load5,passpass
audit_load6,passpass
audit_load7,passpass
audit_load8,passpass
audit_load9,passpass
audit_load10,passpass
audit_load1,passpass
audit_load2,passpass
audit_load3,passpass
audit_load4,passpass
audit_load5,passpass
audit_load6,passpass
audit_load7,passpass
audit_load8,passpass
audit_load9,passpass
audit_load10,passpass
audit_load1,passpass
audit_load2,passpass
audit_load3,passpass
audit_load4,passpass
audit_load5,passpass
audit_load6,passpass
audit_load7,passpass
audit_load8,passpass
audit_load9,passpass
audit_load10,passpass
audit_load1,passpass
audit_load2,passpass
audit_load3,passpass
audit_load4,passpass
audit_load5,passpass
audit_load6,passpass
audit_load7,passpass
audit_load8,passpass
audit_load9,passpass
audit_load10,passpass
audit_load1,passpass
audit_load2,passpass
audit_load3,passpass
audit_load4,passpass
audit_load5,passpass
audit_load6,passpass
audit_load7,passpass
audit_load8,passpass
audit_load9,passpass
audit_load10,passpass
audit_load1,passpass
audit_load2,passpass
audit_load3,passpass
audit_load4,passpass
audit_load5,passpass
audit_load6,passpass
audit_load7,passpass
audit_load8,passpass
audit_load9,passpass
audit_load10,passpass
audit_load1,passpass
audit_load2,passpass
audit_load3,passpass
audit_load4,passpass
audit_load5,passpass
audit_load6,passpass
audit_load7,passpass
audit_load8,passpass
audit_load9,passpass
audit_load10,passpass
audit_load1,passpass
audit_load2,passpass
audit_load3,passpass
audit_load4,passpass
audit_load5,passpass
audit_load6,passpass
audit_load7,passpass
audit_load8,passpass
audit_load9,passpass
audit_load10,passpass
audit_load1,passpass
audit_load2,passpass
audit_load3,passpass
audit_load4,passpass
audit_load5,passpass
audit_load6,passpass
audit_load7,passpass
audit_load8,passpass
audit_load9,passpass
audit_load10,passpass
audit_load1,passpass
audit_load2,passpass
audit_load3,passpass
audit_load4,passpass
audit_load5,passpass
audit_load6,passpass
audit_load7,passpass
audit_load8,passpass
audit_load9,passpass
audit_load10,passpass
audit_load1,passpass
audit_load2,passpass
audit_load3,passpass
audit_load4,passpass
audit_load5,passpass
audit_load6,passpass
audit_load7,passpass
audit_load8,passpass
audit_load9,passpass
audit_load10,passpass
audit_load1,passpass
audit_load2,passpass
audit_load3,passpass
audit_load4,passpass
audit_load5,passpass
audit_load6,passpass
audit_load7,passpass
audit_load8,passpass
audit_load9,passpass
audit_load10,passpass
audit_load1,passpass
audit_load2,passpass
audit_load3,passpass
audit_load4,passpass
audit_load5,passpass
audit_load6,passpass
audit_load7,passpass
audit_load8,passpass
audit_load9,passpass
audit_load10,passpass
audit_load1,passpass
audit_load2,passpass
audit_load3,passpass
audit_load4,passpass
audit_load5,passpass
audit_load6,passpass
audit_load7,passpass
audit_load8,passpass
audit_load9,passpass
audit_load10,passpass
audit_load1,passpass
audit_load2,passpass
audit_load3,passpass
audit_load4,passpass
audit_load5,passpass
audit_load6,passpass
audit_load7,passpass
audit_load8,passpass
audit_load9,passpass
audit_load10,passpass
audit_load1,passpass
audit_load2,passpass
audit_load3,passpass
audit_load4,passpass
audit_load5,passpass
audit_load6,passpass
audit_load7,passpass
audit_load8,passpass
audit_load9,passpass
audit_load10,passpass
audit_load1,passpass
audit_load2,passpass
audit_load3,passpass
audit_load4,passpass
audit_load5,passpass
audit_load6,passpass
audit_load7,passpass
audit_load8,passpass
audit_load9,passpass
audit_load10,passpass
audit_load1,passpass
audit_load2,passpass
audit_load3,passpass
audit_load4,passpass
audit_load5,passpass
audit_load6,passpass
audit_load7,passpass
audit_load8,passpass
audit_load9,passpass
audit_load10,passpass
audit_load1,passpass
audit_load2,passpass
audit_load3,passpass
audit_load4,passpass
audit_load5,passpass
audit_load6,passpass
audit_load7,passpass
audit_load8,passpass
audit_load9,passpass
audit_load10,passpass
audit_load1,passpass
audit_load2,passpass
audit_load3,passpass
audit_load4,passpass
audit_load5,passpass
audit_load6,passpass
audit_load7,passpass
audit_load8,passpass
audit_load9,passpass
audit_load10,passpass
audit_load1,passpass
audit_load2,passpass
audit_load3,passpass
audit_load4,passpass
audit_load5,passpass
audit_load6,passpass
audit_load7,passpass
audit_load8,passpass
audit_load9,passpass
audit_load10,passpass
audit_load1,passpass
audit_load2,passpass
audit_load3,passpass
audit_load4,passpass
audit_load5,passpass
audit_load6,passpass
audit_load7,passpass
audit_load8,passpass
audit_load9,passpass
audit_load10,passpass
audit_load1,passpass
audit_load2,passpass
audit_load3,passpass
audit_load4,passpass
audit_load5,passpass
audit_load6,passpass
audit_load7,passpass
audit_load8,passpass
audit_load9,passpass
audit_load10,passpass
audit_load1,passpass
audit_load2,passpass
audit_load3,passpass
audit_load4,passpass
audit_load5,passpass
audit_load6,passpass
audit_load7,passpass
audit_load8,passpass
audit_load9,passpass
audit_load10,passpass
audit_load1,passpass
audit_load2,passpass
audit_load3,passpass
audit_load4,passpass
audit_load5,passpass
audit_load6,passpass
audit_load7,passpass
audit_load8,passpass
audit_load9,passpass
audit_load10,passpass
audit_load1,passpass
audit_load2,passpass
audit_load3,passpass
audit_load4,passpass
audit_load5,passpass
audit_load6,passpass
audit_load7,passpass
audit_load8,passpass
audit_load9,passpass
audit_load10,passpass
audit_load1,passpass
audit_load2,passpass
audit_load3,passpass
audit_load4,passpass
audit_load5,passpass
audit_load6,passpass
audit_load7,passpass
audit_load8,passpass
audit_load9,passpass
audit_load10,passpass
audit_load1,passpass
audit_load2,passpass
audit_load3,passpass
audit_load4,passpass
audit_load5,passpass
audit_load6,passpass
audit_load7,passpass
audit_load8,passpass
audit_load9,passpass
audit_load10,passpass
audit_load1,passpass
audit_load2,passpass
audit_load3,passpass
audit_load4,passpass
audit_load5,passpass
audit_load6,passpass
audit_load7,passpass
audit_load8,passpass
audit_load9,passpass
audit_load10,passpass
audit_load1,passpass
audit_load2,passpass
audit_load3,passpass
audit_load4,passpass
audit_load5,passpass
audit_load6,passpass
audit_load7,passpass
audit_load8,passpass
audit_load9,passpass
audit_load10,passpass
audit_load1,passpass
audit_load2,passpass
audit_load3,passpass
audit_load4,passpass
audit_load5,passpass
audit_load6,passpass
audit_load7,passpass
audit_load8,passpass
audit_load9,passpass
audit_load10,passpass
audit_load1,passpass
audit_load2,passpass
audit_load3,passpass
audit_load4,passpass
audit_load5,passpass
audit_load6,passpass
audit_load7,passpass
audit_load8,passpass
audit_load9,passpass
audit_load10,passpass
audit_load1,passpass
audit_load2,passpass
audit_load3,passpass
audit_load4,passpass
audit_load5,passpass
audit_load6,passpass
audit_load7,passpass
audit_load8,passpass
audit_load9,passpass
audit_load10,passpass
audit_load1,passpass
audit_load2,passpass
audit_load3,passpass
audit_load4,passpass
audit_load5,passpass
audit_load6,passpass
audit_load7,passpass
audit_load8,passpass
audit_load9,passpass
audit_load10,passpass
audit_load1,passpass
audit_load2,passpass
audit_load3,passpass
audit_load4,passpass
audit_load5,passpass
audit_load6,passpass
audit_load7,passpass
audit_load8,passpass
audit_load9,passpass
audit_load10,passpass
audit_load1,passpass
audit_load2,passpass
audit_load3,passpass
audit_load4,passpass
audit_load5,passpass
audit_load6,passpass
audit_load7,passpass
audit_load8,passpass
audit_load9,passpass
audit_load10,passpass
audit_load1,passpass
audit_load2,passpass
audit_load3,passpass
audit_load4,passpass
audit_load5,passpass
audit_load6,passpass
audit_load7,passpass
audit_load8,passpass
audit_load9,passpass
audit_load10,passpass
audit_load1,passpass
audit_load2,passpass
audit_load3,passpass
audit_load4,passpass
audit_load5,passpass
audit_load6,passpass
audit_load7,passpass
audit_load8,passpass
audit_load9,passpass
audit_load10,passpass
audit_load1,passpass
audit_load2,passpass
audit_load3,passpass
audit_load4,passpass
audit_load5,passpass
audit_load6,passpass
audit_load7,passpass
audit_load8,passpass
audit_load9,passpass
audit_load10,passpass
audit_load1,passpass
audit_load2,passpass
audit_load3,passpass
audit_load4,passpass
audit_load5,passpass
audit_load6,passpass
audit_load7,passpass
audit_load8,passpass
audit_load9,passpass
audit_load10,passpass
audit_load1,passpass
audit_load2,passpass
audit_load3,passpass
audit_load4,passpass
audit_load5,passpass
audit_load6,passpass
audit_load7,passpass
audit_load8,passpass
audit_load9,passpass
audit_load10,passpass
audit_load1,passpass
audit_load2,passpass
audit_load3,passpass
audit_load4,passpass
audit_load5,passpass
audit_load6,passpass
audit_load7,passpass
audit_load8,passpass
audit_load9,passpass
audit_load10,passpass
audit_load1,passpass
audit_load2,passpass
audit_load3,passpass
audit_load4,passpass
audit_load5,passpass
audit_load6,passpass
audit_load7,passpass
audit_load8,passpass
audit_load9,passpass
audit_load10,passpass
audit_load1,passpass
audit_load2,passpass
audit_load3,passpass
audit_load4,passpass
audit_load5,passpass
audit_load6,passpass
audit_load7,passpass
audit_load8,passpass
audit_load9,passpass
audit_load10,passpass
audit_load1,passpass
audit_load2,passpass
audit_load3,passpass
audit_load4,passpass
audit_load5,passpass
audit_load6,passpass
audit_load7,passpass
audit_load8,passpass
audit_load9,passpass
audit_load10,passpass
audit_load1,passpass
audit_load2,passpass
audit_load3,passpass
audit_load4,passpass
audit_load5,passpass
audit_load6,passpass
audit_load7,passpass
audit_load8,passpass
audit_load9,passpass
audit_load10,passpass
audit_load1,passpass
audit_load2,passpass
audit_load3,passpass
audit_load4,passpass
audit_load5,passpass
audit_load6,passpass
audit_load7,passpass
audit_load8,passpass
audit_load9,passpass
audit_load10,passpass
audit_load1,passpass
audit_load2,passpass
audit_load3,passpass
audit_load4,passpass
audit_load5,passpass
audit_load6,passpass
audit_load7,passpass
audit_load8,passpass
audit_load9,passpass
audit_load10,passpass
audit_load1,passpass
audit_load2,passpass
audit_load3,passpass
audit_load4,passpass
audit_load5,passpass
audit_load6,passpass
audit_load7,passpass
audit_load8,passpass
audit_load9,passpass
audit_load10,passpass
audit_load1,passpass
audit_load2,passpass
audit_load3,passpass
audit_load4,passpass
audit_load5,passpass
audit_load6,passpass
audit_load7,passpass
audit_load8,passpass
audit_load9,passpass
audit_load10,passpass
audit_load1,passpass
audit_load2,passpass
audit_load3,passpass
audit_load4,passpass
audit_load5,passpass
audit_load6,passpass
audit_load7,passpass
audit_load8,passpass
audit_load9,passpass
audit_load10,passpass
audit_load1,passpass
audit_load2,passpass
audit_load3,passpass
audit_load4,passpass
audit_load5,passpass
audit_load6,passpass
audit_load7,passpass
audit_load8,passpass
audit_load9,passpass
audit_load10,passpass
audit_load1,passpass
audit_load2,passpass
audit_load3,passpass
audit_load4,passpass
audit_load5,passpass
audit_load6,passpass
audit_load7,passpass
audit_load8,passpass
audit_load9,passpass
audit_load10,passpass
audit_load1,passpass
audit_load2,passpass
audit_load3,passpass
audit_load4,passpass
audit_load5,passpass
audit_load6,passpass
audit_load7,passpass
audit_load8,passpass
audit_load9,passpass
audit_load10,passpass
audit_load1,passpass
audit_load2,passpass
audit_load3,passpass
audit_load4,passpass
audit_load5,passpass
audit_load6,passpass
audit_load7,passpass
audit_load8,passpass
audit_load9,passpass
audit_load10,passpass
audit_load1,passpass
audit_load2,passpass
audit_load3,passpass
audit_load4,passpass
audit_load5,passpass
audit_load6,passpass
audit_load7,passpass
audit_load8,passpass
audit_load9,passpass
audit_load10,passpass
audit_load1,passpass
audit_load2,passpass
audit_load3,passpass
audit_load4,passpass
audit_load5,passpass
audit_load6,passpass
audit_load7,passpass
audit_load8,passpass
audit_load9,passpass
audit_load10,passpass
audit_load1,passpass
audit_load2,passpass
audit_load3,passpass
audit_load4,passpass
audit_load5,passpass
audit_load6,passpass
audit_load7,passpass
audit_load8,passpass
audit_load9,passpass
audit_load10,passpass
audit_load1,passpass
audit_load2,passpass
audit_load3,passpass
audit_load4,passpass
audit_load5,passpass
audit_load6,passpass
audit_load7,passpass
audit_load8,passpass
audit_load9,passpass
audit_load10,passpass
audit_load1,passpass
audit_load2,passpass
audit_load3,passpass
audit_load4,passpass
audit_load5,passpass
audit_load6,passpass
audit_load7,passpass
audit_load8,passpass
audit_load9,passpass
audit_load10,passpass
audit_load1,passpass
audit_load2,passpass
audit_load3,passpass
audit_load4,passpass
audit_load5,passpass
audit_load6,passpass
audit_load7,passpass
audit_load8,passpass
audit_load9,passpass
audit_load10,passpass
audit_load1,passpass
audit_load2,passpass
audit_load3,passpass
audit_load4,passpass
audit_load5,passpass
audit_load6,passpass
audit_load7,passpass
audit_load8,passpass
audit_load9,passpass
audit_load10,passpass
audit_load1,passpass
audit_load2,passpass
audit_load3,passpass
audit_load4,passpass
audit_load5,passpass
audit_load6,passpass
audit_load7,passpass
audit_load8,passpass
audit_load9,passpass
audit_load10,passpass
audit_load1,passpass
audit_load2,passpass
audit_load3,passpass
audit_load4,passpass
audit_load5,passpass
audit_load6,passpass
audit_load7,passpass
audit_load8,passpass
audit_load9,passpass
audit_load10,passpass
audit_load1,passpass
audit_load2,passpass
audit_load3,passpass
audit_load4,passpass
audit_load5,passpass
audit_load6,passpass
audit_load7,passpass
audit_load8,passpass
audit_load9,passpass
audit_load10,passpass
audit_load1,passpass
audit_load2,passpass
audit_load3,passpass
audit_load4,passpass
audit_load5,passpass
audit_load6,passpass
audit_load7,passpass
audit_load8,passpass
audit_load9,passpass
audit_load10,passpass
audit_load1,passpass
audit_load2,passpass
audit_load3,passpass
audit_load4,passpass
audit_load5,passpass
audit_load6,passpass
audit_load7,passpass
audit_load8,passpass
audit_load9,passpass
audit_load10,passpass
audit_load1,passpass
audit_load2,passpass
audit_load3,passpass
audit_load4,passpass
audit_load5,passpass
audit_load6,passpass
audit_load7,passpass
audit_load8,passpass
audit_load9,passpass
audit_load10,passpass
audit_load1,passpass
audit_load2,passpass
audit_load3,passpass
audit_load4,passpass
audit_load5,passpass
audit_load6,passpass
audit_load7,passpass
audit_load8,passpass
audit_load9,passpass
audit_load10,passpass
audit_load1,passpass
audit_load2,passpass
audit_load3,passpass
audit_load4,passpass
audit_load5,passpass
audit_load6,passpass
audit_load7,passpass
audit_load8,passpass
audit_load9,passpass
audit_load10,passpass
audit_load1,passpass
audit_load2,passpass
audit_load3,passpass
audit_load4,passpass
audit_load5,passpass
audit_load6,passpass
audit_load7,passpass
audit_load8,passpass
audit_load9,passpass
audit_load10,passpass
audit_load1,passpass
audit_load2,passpass
audit_load3,passpass
audit_load4,passpass
audit_load5,passpass
audit_load6,passpass
audit_load7,passpass
audit_load8,passpass
audit_load9,passpass
audit_load10,passpass
audit_load1,passpass
audit_load2,passpass
audit_load3,passpass
audit_load4,passpass
audit_load5,passpass
audit_load6,passpass
audit_load7,passpass
audit_load8,passpass
audit_load9,passpass
audit_load10,passpass
audit_load1,passpass
audit_load2,passpass
audit_load3,passpass
audit_load4,passpass
audit_load5,passpass
audit_load6,passpass
audit_load7,passpass
audit_load8,passpass
audit_load9,passpass
audit_load10,passpass
audit_load1,passpass
audit_load2,passpass
audit_load3,passpass
audit_load4,passpass
audit_load5,passpass
audit_load6,passpass
audit_load7,passpass
audit_load8,passpass
audit_load9,passpass
audit_load10,passpass
audit_load1,passpass
audit_load2,passpass
audit_load3,passpass
audit_load4,passpass
audit_load5,passpass
audit_load6,passpass
audit_load7,passpass
audit_load8,passpass
audit_load9,passpass
audit_load10,passpass
audit_load1,passpass
audit_load2,passpass
audit_load3,passpass
audit_load4,passpass
audit_load5,passpass
audit_load6,passpass
audit_load7,passpass
audit_load8,passpass
audit_load9,passpass
audit_load10,passpass
audit_load1,passpass
audit_load2,passpass
audit_load3,passpass
audit_load4,passpass
audit_load5,passpass
audit_load6,passpass
audit_load7,passpass
audit_load8,passpass
audit_load9,passpass
audit_load10,passpass
audit_load1,passpass
audit_load2,passpass
audit_load3,passpass
audit_load4,passpass
audit_load5,passpass
audit_load6,passpass
audit_load7,passpass
audit_load8,passpass
audit_load9,passpass
audit_load10,passpass
audit_load1,passpass
audit_load2,passpass
audit_load3,passpass
audit_load4,passpass
audit_load5,passpass
audit_load6,passpass
audit_load7,passpass
audit_load8,passpass
audit_load9,passpass
audit_load10,passpass
audit_load1,passpass
audit_load2,passpass
audit_load3,passpass
audit_load4,passpass
audit_load5,passpass
audit_load6,passpass
audit_load7,passpass
audit_load8,passpass
audit_load9,passpass
audit_load10,passpass
audit_load1,passpass
audit_load2,passpass
audit_load3,passpass
audit_load4,passpass
audit_load5,passpass
audit_load6,passpass
audit_load7,passpass
audit_load8,passpass
audit_load9,passpass
audit_load10,passpass
audit_load1,passpass
audit_load2,passpass
audit_load3,passpass
audit_load4,passpass
audit_load5,passpass
audit_load6,passpass
audit_load7,passpass
audit_load8,passpass
audit_load9,passpass
audit_load10,passpass
audit_load1,passpass
audit_load2,passpass
audit_load3,passpass
audit_load4,passpass
audit_load5,passpass
audit_load6,passpass
audit_load7,passpass
audit_load8,passpass
audit_load9,passpass
audit_load10,passpass
audit_load1,passpass
audit_load2,passpass
audit_load3,passpass
audit_load4,passpass
audit_load5,passpass
audit_load6,passpass
audit_load7,passpass
audit_load8,passpass
audit_load9,passpass
audit_load10,passpass
audit_load1,passpass
audit_load2,passpass
audit_load3,passpass
audit_load4,passpass
audit_load5,passpass
audit_load6,passpass
audit_load7,passpass
audit_load8,passpass
audit_load9,passpass
audit_load10,passpass
audit_load1,passpass
audit_load2,passpass
audit_load3,passpass
audit_load4,passpass
audit_load5,passpass
audit_load6,passpass
audit_load7,passpass
audit_load8,passpass
audit_load9,passpass
audit_load10,passpass
audit_load1,passpass
audit_load2,passpass
audit_load3,passpass
audit_load4,passpass
audit_load5,passpass
audit_load6,passpass
audit_load7,passpass
audit_load8,passpass
audit_load9,passpass
audit_load10,passpass
audit_load1,passpass
audit_load2,passpass
audit_load3,passpass
audit_load4,passpass
audit_load5,passpass
audit_load6,passpass
audit_load7,passpass
audit_load8,passpass
audit_load9,passpass
audit_load10,passpass
audit_load1,passpass
audit_load2,passpass
audit_load3,passpass
audit_load4,passpass
audit_load5,passpass
audit_load6,passpass
audit_load7,passpass
audit_load8,passpass
audit_load9,passpass
audit_load10,passpass
audit_load1,passpass
audit_load2,passpass
audit_load3,passpass
audit_load4,passpass
audit_load5,passpass
audit_load6,passpass
audit_load7,passpass
audit_load8,passpass
audit_load9,passpass
audit_load10,passpass
audit_load1,passpass
audit_load2,passpass
audit_load3,passpass
audit_load4,passpass
audit_load5,passpass
audit_load6,passpass
audit_load7,passpass
audit_load8,passpass
audit_load9,passpass
audit_load10,passpass
audit_load1,passpass
audit_load2,passpass
audit_load3,passpass
audit_load4,passpass
audit_load5,passpass
audit_load6,passpass
audit_load7,passpass
audit_load8,passpass
audit_load9,passpass
audit_load10,passpass
audit_load1,passpass
audit_load2,passpass
audit_load3,passpass
audit_load4,passpass
audit_load5,passpass
audit_load6,passpass
audit_load7,passpass
audit_load8,passpass
audit_load9,passpass
audit_load10,passpass
audit_load1,passpass
audit_load2,passpass
audit_load3,passpass
audit_load4,passpass
audit_load5,passpass
audit_load6,passpass
audit_load7,passpass
audit_load8,passpass
audit_load9,passpass
audit_load10,passpass
audit_load1,passpass
audit_load2,passpass
audit_load3,passpass
audit_load4,passpass
audit_load5,passpass
audit_load6,passpass
audit_load7,passpass
audit_load8,passpass
audit_load9,passpass
audit_load10,passpass
audit_load1,passpass
audit_load2,passpass
audit_load3,passpass
audit_load4,passpass
audit_load5,passpass
audit_load6,passpass
audit_load7,passpass
audit_load8,passpass
audit_load9,passpass
audit_load10,passpass
audit_load1,passpass
audit_load2,passpass
audit_load3,passpass
audit_load4,passpass
audit_load5,passpass
audit_load6,passpass
audit_load7,passpass
audit_load8,passpass
audit_load9,passpass
audit_load10,passpass
audit_load1,passpass
audit_load2,passpass
audit_load3,passpass
audit_load4,passpass
audit_load5,passpass
audit_load6,passpass
audit_load7,passpass
audit_load8,passpass
audit_load9,passpass
audit_load10,passpass
audit_load1,passpass
audit_load2,passpass
audit_load3,passpass
audit_load4,passpass
audit_load5,passpass
audit_load6,passpass
audit_load7,passpass
audit_load8,passpass
audit_load9,passpass
audit_load10,passpass
audit_load1,passpass
audit_load2,passpass
audit_load3,passpass
audit_load4,passpass
audit_load5,passpass
audit_load6,passpass
audit_load7,passpass
audit_load8,passpass
audit_load9,passpass
audit_load10,passpass
audit_load1,passpass
audit_load2,passpass
audit_load3,passpass
audit_load4,passpass
audit_load5,passpass
audit_load6,passpass
audit_load7,passpass
audit_load8,passpass
audit_load9,passpass
audit_load10,passpass
audit_load1,passpass
audit_load2,passpass
audit_load3,passpass
audit_load4,passpass
audit_load5,passpass
audit_load6,passpass
audit_load7,passpass
audit_load8,passpass
audit_load9,passpass
audit_load10,passpass
audit_load1,passpass
audit_load2,passpass
audit_load3,passpass
audit_load4,passpass
audit_load5,passpass
audit_load6,passpass
audit_load7,passpass
audit_load8,passpass
audit_load9,passpass
audit_load10,passpass
audit_load1,passpass
audit_load2,passpass
audit_load3,passpass
audit_load4,passpass
audit_load5,passpass
audit_load6,passpass
audit_load7,passpass
audit_load8,passpass
audit_load9,passpass
audit_load10,passpass
audit_load1,passpass
audit_load2,passpass
audit_load3,passpass
audit_load4,passpass
audit_load5,passpass
audit_load6,passpass
audit_load7,passpass
audit_load8,passpass
audit_load9,passpass
audit_load10,passpass
audit_load1,passpass
audit_load2,passpass
audit_load3,passpass
audit_load4,passpass
audit_load5,passpass
audit_load6,passpass
audit_load7,passpass
audit_load8,passpass
audit_load9,passpass
audit_load10,passpass
audit_load1,passpass
audit_load2,passpass
audit_load3,passpass
audit_load4,passpass
audit_load5,passpass
audit_load6,passpass
audit_load7,passpass
audit_load8,passpass
audit_load9,passpass
audit_load10,passpass
audit_load1,passpass
audit_load2,passpass
audit_load3,passpass
audit_load4,passpass
audit_load5,passpass
audit_load6,passpass
audit_load7,passpass
audit_load8,passpass
audit_load9,passpass
audit_load10,passpass
audit_load1,passpass
audit_load2,passpass
audit_load3,passpass
audit_load4,passpass
audit_load5,passpass
audit_load6,passpass
audit_load7,passpass
audit_load8,passpass
audit_load9,passpass
audit_load10,passpass
audit_load1,passpass
audit_load2,passpass
audit_load3,passpass
audit_load4,passpass
audit_load5,passpass
audit_load6,passpass
audit_load7,passpass
audit_load8,passpass
audit_load9,passpass
audit_load10,passpass
audit_load1,passpass
audit_load2,passpass
audit_load3,passpass
audit_load4,passpass
audit_load5,passpass
audit_load6,passpass
audit_load7,passpass
audit_load8,passpass
audit_load9,passpass
audit_load10,passpass
audit_load1,passpass
audit_load2,passpass
audit_load3,passpass
audit_load4,passpass
audit_load5,passpass
audit_load6,passpass
audit_load7,passpass
audit_load8,passpass
audit_load9,passpass
audit_load10,passpass
audit_load1,passpass
audit_load2,passpass
audit_load3,passpass
audit_load4,passpass
audit_load5,passpass
audit_load6,passpass
audit_load7,passpass
audit_load8,passpass
audit_load9,passpass
audit_load10,passpass
audit_load1,passpass
audit_load2,passpass
audit_load3,passpass
audit_load4,passpass
audit_load5,passpass
audit_load6,passpass
audit_load7,passpass
audit_load8,passpass
audit_load9,passpass
audit_load10,passpass
audit_load1,passpass
audit_load2,passpass
audit_load3,passpass
audit_load4,passpass
audit_load5,passpass
audit_load6,passpass
audit_load7,passpass
audit_load8,passpass
audit_load9,passpass
audit_load10,passpass
audit_load1,passpass
audit_load2,passpass
audit_load3,passpass
audit_load4,passpass
audit_load5,passpass
audit_load6,passpass
audit_load7,passpass
audit_load8,passpass
audit_load9,passpass
audit_load10,passpass
audit_load1,passpass
audit_load2,passpass
audit_load3,passpass
audit_load4,passpass
audit_load5,passpass
audit_load6,passpass
audit_load7,passpass
audit_load8,passpass
audit_load9,passpass
audit_load10,passpass
audit_load1,passpass
audit_load2,passpass
audit_load3,passpass
audit_load4,passpass
audit_load5,passpass
audit_load6,passpass
audit_load7,passpass
audit_load8,passpass
audit_load9,passpass
audit_load10,passpass
audit_load1,passpass
audit_load2,passpass
audit_load3,passpass
audit_load4,passpass
audit_load5,passpass
audit_load6,passpass
audit_load7,passpass
audit_load8,passpass
audit_load9,passpass
audit_load10,passpass
audit_load1,passpass
audit_load2,passpass
audit_load3,passpass
audit_load4,passpass
audit_load5,passpass
audit_load6,passpass
audit_load7,passpass
audit_load8,passpass
audit_load9,passpass
audit_load10,passpass
audit_load1,passpass
audit_load2,passpass
audit_load3,passpass
audit_load4,passpass
audit_load5,passpass
audit_load6,passpass
audit_load7,passpass
audit_load8,passpass
audit_load9,passpass
audit_load10,passpass
audit_load1,passpass
audit_load2,passpass
audit_load3,passpass
audit_load4,passpass
audit_load5,passpass
audit_load6,passpass
audit_load7,passpass
audit_load8,passpass
audit_load9,passpass
audit_load10,passpass
audit_load1,passpass
audit_load2,passpass
audit_load3,passpass
audit_load4,passpass
audit_load5,passpass
audit_load6,passpass
audit_load7,passpass
audit_load8,passpass
audit_load9,passpass
audit_load10,passpass
audit_load1,passpass
audit_load2,passpass
audit_load3,passpass
audit_load4,passpass
audit_load5,passpass
audit_load6,passpass
audit_load7,passpass
audit_load8,passpass
audit_load9,passpass
audit_load10,passpass
